id,first_name,last_name,email,gender,ip_address
1,Teodorico,Gergus,tgergus0@squarespace.com,Male,75.186.227.102
2,Delila,Baglin,dbaglin1@china.com.cn,Female,246.74.41.248
3,Charity,Rings,crings2@usa.gov,Female,70.166.5.149
4,Des,Laterza,dlaterza3@youtu.be,Male,10.93.126.95
5,Selle,Yakolev,syakolev4@army.mil,Genderfluid,129.119.52.58
6,Nicko,Janovsky,njanovsky5@unblog.fr,Male,39.128.67.232
7,Marcelo,Gilman,mgilman6@icio.us,Male,29.116.150.213
8,Locke,Cajkler,lcajkler7@dagondesign.com,Male,125.189.155.43
9,Innis,Rippingall,irippingall8@flavors.me,Male,106.220.200.50
10,Kassia,Bidewel,kbidewel9@mashable.com,Female,108.11.218.0
11,Niccolo,Betty,nbettya@taobao.com,Male,129.189.62.212
12,Neda,Mabbe,nmabbeb@tripod.com,Female,120.98.199.117
13,Lydon,Litherland,llitherlandc@state.gov,Male,234.11.105.213
14,Libby,Greenman,lgreenmand@springer.com,Female,247.225.91.109
15,Noe,Lomasna,nlomasnae@people.com.cn,Male,77.255.248.215
16,Fleur,Snasel,fsnaself@github.io,Female,204.56.164.140
17,Jermayne,Harries,jharriesg@hud.gov,Male,120.35.240.17
18,Arte,Lowery,aloweryh@woothemes.com,Male,191.26.146.201
19,Carleen,Gress,cgressi@yale.edu,Female,219.244.142.123
20,Tuckie,Copcott,tcopcottj@furl.net,Agender,80.21.204.102
21,Jonis,Johnys,jjohnysk@usa.gov,Female,64.183.47.229
22,Had,Treanor,htreanorl@hc360.com,Male,203.84.108.243
23,Norrie,Beck,nbeckm@lulu.com,Male,12.177.113.172
24,Tod,McCalister,tmccalistern@auda.org.au,Male,63.77.167.187
25,Aimil,Writtle,awrittleo@youtu.be,Female,174.20.153.231
26,Neville,Sergant,nsergantp@com.com,Male,23.202.88.86
27,Marya,Shirt,mshirtq@artisteer.com,Female,127.18.5.191
28,Kennith,Goldson,kgoldsonr@guardian.co.uk,Genderfluid,121.11.250.187
29,Tull,Dale,tdales@mashable.com,Male,226.4.219.196
30,Andros,Hyett,ahyettt@shop-pro.jp,Male,226.47.150.114
31,Meryl,Grelka,mgrelkau@salon.com,Male,173.76.53.104
32,Salvidor,Sothcott,ssothcottv@woothemes.com,Male,251.25.48.172
33,Julissa,Lascelles,jlascellesw@cnbc.com,Female,108.185.251.249
34,Bertine,Kohtler,bkohtlerx@cisco.com,Female,47.214.46.246
35,Fransisco,Tullett,ftulletty@yellowpages.com,Male,135.67.173.22
36,Eduino,Dumphries,edumphriesz@vimeo.com,Male,174.253.116.89
37,Giffy,Cartwight,gcartwight10@facebook.com,Male,191.65.4.185
38,Karoly,Rodrigues,krodrigues11@mediafire.com,Male,233.152.180.143
39,Porter,Finnemore,pfinnemore12@google.nl,Male,59.230.170.56
40,Hannah,McCleverty,hmccleverty13@dailymail.co.uk,Female,79.173.125.84
41,Baryram,Briamo,bbriamo14@engadget.com,Male,144.45.125.223
42,Delora,Kitt,dkitt15@google.com.au,Female,237.189.38.230
43,Kristien,Loftie,kloftie16@mysql.com,Female,50.188.187.63
44,Rosabel,Eskriet,reskriet17@flavors.me,Female,77.58.200.216
45,Vinni,Large,vlarge18@cdc.gov,Female,180.0.110.239
46,Kaine,Randall,krandall19@ifeng.com,Male,159.0.174.175
47,Livvie,Gong,lgong1a@amazon.co.jp,Genderqueer,66.14.117.238
48,Lizette,Foulsham,lfoulsham1b@woothemes.com,Female,198.83.108.125
49,Waiter,Matskiv,wmatskiv1c@mozilla.org,Male,54.254.31.71
50,Umberto,Tocknell,utocknell1d@netscape.com,Male,7.252.4.61
51,Thelma,Broadbere,tbroadbere1e@scribd.com,Female,128.100.67.243
52,Andi,Heaney`,aheaney1f@businesswire.com,Female,251.189.96.201
53,Delainey,Babalola,dbabalola1g@sogou.com,Male,189.56.0.209
54,Evey,Heakey,eheakey1h@mac.com,Female,107.72.146.19
55,Sullivan,Ludmann,sludmann1i@virginia.edu,Male,6.183.126.169
56,Miof mela,Shorland,mshorland1j@archive.org,Female,173.218.137.111
57,Amandie,Vassall,avassall1k@dailymail.co.uk,Female,110.196.190.123
58,Lotte,Treneer,ltreneer1l@bing.com,Female,78.188.63.119
59,Fin,Varden,fvarden1m@w3.org,Male,91.6.189.98
60,Christoph,Aleso,caleso1n@omniture.com,Male,176.181.153.179
61,Dara,Sailer,dsailer1o@toplist.cz,Female,179.172.14.174
62,Gaile,Ingledew,gingledew1p@usgs.gov,Male,133.181.135.98
63,Raphael,Utley,rutley1q@ifeng.com,Male,127.154.208.0
64,Reggy,McGettigan,rmcgettigan1r@businessinsider.com,Male,200.92.179.221
65,Lee,Sommerlie,lsommerlie1s@ox.ac.uk,Agender,222.254.111.142
66,Gunther,Frankiss,gfrankiss1t@weibo.com,Male,255.8.240.91
67,Tobias,Dwire,tdwire1u@hubpages.com,Male,21.208.213.88
68,Gay,Eglington,geglington1v@wp.com,Male,165.234.83.124
69,Reidar,Allpress,rallpress1w@mysql.com,Male,91.30.47.242
70,Corrine,Wadie,cwadie1x@dion.ne.jp,Female,56.67.78.71
71,Peggy,Yabsley,pyabsley1y@wired.com,Female,234.110.120.112
72,Dyana,Bastin,dbastin1z@google.com,Female,12.151.52.89
73,Xaviera,Mashal,xmashal20@sfgate.com,Female,52.161.65.15
74,Danella,Batram,dbatram21@plala.or.jp,Bigender,212.64.33.224
75,Nicko,Riggulsford,nriggulsford22@redcross.org,Male,223.98.94.70
76,Gardner,Pighills,gpighills23@bravesites.com,Male,195.1.20.68
77,Jackelyn,Wrates,jwrates24@loc.gov,Female,135.53.150.129
78,Vilhelmina,Cuerdall,vcuerdall25@eepurl.com,Female,41.98.99.229
79,Bobina,Escale,bescale26@bloglovin.com,Female,141.224.50.2
80,Violet,Messent,vmessent27@netvibes.com,Female,23.139.68.181
81,Hebert,Kunat,hkunat28@amazon.co.jp,Male,97.250.32.205
82,Ofilia,Pigram,opigram29@multiply.com,Female,164.68.241.203
83,Florinda,Phettis,fphettis2a@technorati.com,Female,44.3.106.142
84,Duke,Greenrod,dgreenrod2b@i2i.jp,Male,124.222.143.28
85,Silas,Tiley,stiley2c@kickstarter.com,Male,97.64.21.192
86,Jacinta,Paulley,jpaulley2d@jigsy.com,Female,94.176.165.177
87,Eddi,Tew,etew2e@nsw.gov.au,Female,149.88.37.210
88,Trip,Sidey,tsidey2f@github.io,Genderqueer,25.228.222.77
89,Christy,Cerman,ccerman2g@myspace.com,Female,120.52.67.190
90,Patrick,Rissom,prissom2h@auda.org.au,Agender,51.125.234.45
91,Hebert,Perot,hperot2i@friendfeed.com,Male,23.194.29.44
92,Keenan,Casham,kcasham2j@xinhuanet.com,Male,141.102.161.65
93,Northrop,Yakushkin,nyakushkin2k@unesco.org,Male,3.98.202.53
94,Beulah,Whitebrook,bwhitebrook2l@seesaa.net,Female,162.152.249.255
95,Hamlen,Minshaw,hminshaw2m@globo.com,Male,28.82.27.172
96,Neilla,Buxsey,nbuxsey2n@imageshack.us,Female,84.96.149.233
97,Myrlene,Maier,mmaier2o@people.com.cn,Bigender,129.154.176.67
98,Martie,Hirschmann,mhirschmann2p@parallels.com,Male,71.222.128.253
99,Bree,Vidloc,bvidloc2q@tumblr.com,Female,188.43.174.46
100,Anatollo,Malthouse,amalthouse2r@weibo.com,Male,58.89.103.198
101,Frayda,McReath,fmcreath2s@noaa.gov,Female,102.27.144.117
102,Sheppard,Robet,srobet2t@typepad.com,Male,79.110.148.188
103,Ami,Wormstone,awormstone2u@i2i.jp,Genderqueer,130.51.62.98
104,Elisha,Krolik,ekrolik2v@cloudflare.com,Male,78.3.44.76
105,Shirl,Mannie,smannie2w@yahoo.com,Female,34.250.12.234
106,Hardy,Selland,hselland2x@canalblog.com,Male,56.74.87.96
107,Hilda,Teers,hteers2y@discovery.com,Female,96.0.157.241
108,Valeria,Espley,vespley2z@skype.com,Female,5.228.121.36
109,Nicko,Testin,ntestin30@e-recht24.de,Male,142.55.233.119
110,Persis,O'Crotty,pocrotty31@amazonaws.com,Female,12.227.122.2
111,Tiffi,Prahm,tprahm32@over-blog.com,Female,159.36.188.201
112,Nickolas,Tabor,ntabor33@aboutads.info,Male,210.208.237.80
113,Sharleen,Neilson,sneilson34@wordpress.com,Female,213.37.62.54
114,Allin,Pirnie,apirnie35@wp.com,Genderfluid,80.165.21.163
115,Feliza,Etherton,fetherton36@1und1.de,Female,242.98.55.9
116,Burk,Aery,baery37@msn.com,Male,255.126.139.38
117,Gray,Hearl,ghearl38@weebly.com,Bigender,58.174.251.89
118,Gerhardt,Isaacson,gisaacson39@umich.edu,Male,169.10.33.207
119,Elysha,Brass,ebrass3a@buzzfeed.com,Female,20.47.155.13
120,Riki,Duffitt,rduffitt3b@netscape.com,Female,245.40.217.253
121,Iorgos,Simounet,isimounet3c@newsvine.com,Male,103.69.46.202
122,Berget,Ridett,bridett3d@nyu.edu,Bigender,68.79.202.180
123,Carleton,Chinnick,cchinnick3e@godaddy.com,Male,108.188.188.228
124,Jeramey,McGebenay,jmcgebenay3f@trellian.com,Male,174.169.219.192
125,Maurise,Schole,mschole3g@ucla.edu,Male,69.187.188.191
126,Betsy,GiacobbiniJacob,bgiacobbinijacob3h@wired.com,Female,156.252.226.250
127,Terencio,Rebert,trebert3i@psu.edu,Male,176.209.63.146
128,Micky,Kinneally,mkinneally3j@pinterest.com,Male,84.150.133.248
129,Radcliffe,Antyshev,rantyshev3k@scribd.com,Male,16.33.206.43
130,Cyrillus,Stoves,cstoves3l@state.tx.us,Male,240.47.80.115
131,Ardine,Wearden,awearden3m@mlb.com,Female,183.109.186.210
132,Andrus,Crady,acrady3n@timesonline.co.uk,Male,39.159.83.230
133,Blane,Betchley,bbetchley3o@dagondesign.com,Male,8.225.13.164
134,Torre,Keave,tkeave3p@github.io,Male,29.81.100.31
135,Annie,Grimston,agrimston3q@sogou.com,Non-binary,3.61.188.129
136,Lexi,Tockell,ltockell3r@ft.com,Female,205.50.235.22
137,Calhoun,Purrier,cpurrier3s@opera.com,Male,17.230.2.191
138,Evelyn,Charleston,echarleston3t@facebook.com,Male,217.66.119.206
139,Jess,Goodliffe,jgoodliffe3u@ft.com,Female,182.152.99.159
140,Clem,Moppett,cmoppett3v@europa.eu,Female,66.22.127.242
141,Kalvin,Pochon,kpochon3w@usnews.com,Male,2.31.181.95
142,Annmaria,Rabbitt,arabbitt3x@so-net.ne.jp,Female,126.105.52.76
143,Wyndham,Newlove,wnewlove3y@nps.gov,Male,137.225.68.81
144,Dot,Feasby,dfeasby3z@cnn.com,Female,204.90.70.123
145,Nestor,Boddington,nboddington40@icio.us,Male,45.76.78.115
146,Darcie,Keller,dkeller41@sina.com.cn,Female,14.174.14.22
147,Jaquenette,Ansill,jansill42@360.cn,Female,135.97.194.121
148,Petronia,Jaycock,pjaycock43@booking.com,Genderqueer,78.194.8.252
149,Udale,Sykes,usykes44@google.com.au,Male,120.171.168.190
150,Arnaldo,Tunnah,atunnah45@dropbox.com,Male,64.250.43.46
151,Loy,Ducker,lducker46@sourceforge.net,Male,214.125.90.21
152,Maurita,Vahl,mvahl47@hao123.com,Female,197.151.221.240
153,Evered,Steer,esteer48@surveymonkey.com,Male,209.7.87.237
154,Orson,Rolfini,orolfini49@npr.org,Male,178.99.175.192
155,Curr,Sampson,csampson4a@nasa.gov,Agender,6.157.69.127
156,Margarita,Kupisz,mkupisz4b@163.com,Polygender,237.155.177.179
157,Pieter,Hoonahan,phoonahan4c@constantcontact.com,Male,104.13.159.93
158,Edythe,Feveryear,efeveryear4d@imgur.com,Female,50.227.252.165
159,Ody,Simone,osimone4e@yellowbook.com,Male,107.104.199.76
160,Chiarra,Queyeiro,cqueyeiro4f@privacy.gov.au,Female,41.235.39.178
161,Smith,De Miranda,sdemiranda4g@webs.com,Male,113.14.92.59
162,Thibaut,Gaylord,tgaylord4h@dmoz.org,Male,48.250.109.208
163,Jacklyn,Witchell,jwitchell4i@hexun.com,Female,130.80.122.229
164,Caleb,Joannic,cjoannic4j@unc.edu,Male,121.221.87.165
165,Chloris,Sindall,csindall4k@admin.ch,Polygender,174.81.24.128
166,Lazar,Berry,lberry4l@marriott.com,Male,2.162.85.3
167,Lorry,Markushkin,lmarkushkin4m@toplist.cz,Male,33.111.99.239
168,Noami,Witson,nwitson4n@ft.com,Female,231.46.177.34
169,Papagena,Tunnoch,ptunnoch4o@delicious.com,Non-binary,27.217.91.133
170,Rhetta,Gelletly,rgelletly4p@google.cn,Female,52.0.193.159
171,Mikey,Bains,mbains4q@t-online.de,Male,18.3.254.228
172,Shelden,Spradbery,sspradbery4r@cam.ac.uk,Male,147.140.180.222
173,Godart,Charon,gcharon4s@dropbox.com,Bigender,159.163.202.14
174,Marcille,McGettigan,mmcgettigan4t@unc.edu,Female,226.37.142.125
175,Carley,Mussett,cmussett4u@virginia.edu,Female,0.110.89.68
176,Ely,Hews,ehews4v@nba.com,Male,145.191.31.131
177,Joellen,Grigoryev,jgrigoryev4w@berkeley.edu,Female,109.56.177.162
178,Zita,Bennellick,zbennellick4x@imdb.com,Female,223.197.44.33
179,Hali,Braidley,hbraidley4y@dagondesign.com,Female,123.117.246.116
180,Bentley,Sheere,bsheere4z@example.com,Male,10.129.42.137
181,Erik,Kimbley,ekimbley50@rakuten.co.jp,Male,22.120.250.31
182,Caleb,Halliwell,challiwell51@marketwatch.com,Male,174.224.99.178
183,Kessiah,Broadist,kbroadist52@techcrunch.com,Female,81.52.114.59
184,Fonz,Stracey,fstracey53@devhub.com,Male,110.127.159.244
185,Anthe,Poacher,apoacher54@google.pl,Female,115.34.32.136
186,Ettie,Tugman,etugman55@cpanel.net,Female,254.3.201.37
187,Angie,Ingarfield,aingarfield56@wikimedia.org,Female,224.195.248.88
188,Ethelyn,Arbor,earbor57@theglobeandmail.com,Female,157.210.208.63
189,Peri,Iwanowski,piwanowski58@unicef.org,Female,114.177.147.118
190,Glenda,Divine,gdivine59@imdb.com,Female,166.203.90.80
191,Elmer,Takis,etakis5a@alexa.com,Male,102.125.138.75
192,Purcell,Ruffler,pruffler5b@blinklist.com,Male,226.194.133.228
193,Thain,Player,tplayer5c@loc.gov,Male,65.232.93.32
194,Tobe,Braunlein,tbraunlein5d@msu.edu,Male,62.219.186.24
195,Romy,Nobles,rnobles5e@vistaprint.com,Female,140.230.218.155
196,Marianna,Norrington,mnorrington5f@posterous.com,Female,48.156.170.118
197,Marijo,Stickney,mstickney5g@accuweather.com,Female,84.21.226.22
198,Perle,Kretchmer,pkretchmer5h@ifeng.com,Female,244.134.153.159
199,Tedman,Seager,tseager5i@sun.com,Male,160.2.114.103
200,Peder,Gaunt,pgaunt5j@photobucket.com,Male,17.246.50.34
201,Eliza,Penburton,epenburton5k@e-recht24.de,Female,10.16.199.209
202,Zacherie,Paffett,zpaffett5l@discovery.com,Male,250.137.15.126
203,Zandra,Malden,zmalden5m@jimdo.com,Female,125.75.172.93
204,Gallagher,Douglas,gdouglas5n@imdb.com,Male,46.48.32.242
205,Lauritz,Caddens,lcaddens5o@lycos.com,Agender,207.152.239.217
206,Laurens,Dibbin,ldibbin5p@about.me,Male,178.127.0.30
207,Jolynn,Streetley,jstreetley5q@biglobe.ne.jp,Female,203.229.113.173
208,Libbie,Brasseur,lbrasseur5r@google.pl,Female,70.55.248.88
209,Idaline,McCome,imccome5s@creativecommons.org,Female,47.107.109.33
210,Neely,Blaxill,nblaxill5t@shareasale.com,Female,124.216.108.131
211,Merna,Telezhkin,mtelezhkin5u@rambler.ru,Female,9.127.194.91
212,Marie,Linneman,mlinneman5v@usatoday.com,Female,55.237.136.155
213,Glynda,Double,gdouble5w@163.com,Genderfluid,147.166.56.241
214,Bert,Parzizek,bparzizek5x@google.it,Male,205.26.135.74
215,Davina,Cholonin,dcholonin5y@ucoz.com,Female,75.196.2.30
216,Annabell,Crombie,acrombie5z@psu.edu,Female,234.130.77.8
217,Lyle,Lunam,llunam60@aol.com,Male,44.106.39.53
218,Zilvia,Mott,zmott61@homestead.com,Female,98.148.165.95
219,Waverley,Rapa,wrapa62@amazon.co.jp,Male,249.48.68.135
220,Bondie,Wickman,bwickman63@wikimedia.org,Male,249.80.104.196
221,Joceline,Serman,jserman64@marriott.com,Female,18.64.48.62
222,Madelin,Purtell,mpurtell65@youtu.be,Female,247.195.86.155
223,Natty,MacNamee,nmacnamee66@howstuffworks.com,Female,99.192.151.71
224,Valenka,Whopples,vwhopples67@amazon.de,Female,202.26.254.151
225,Alexandre,Gaish,agaish68@wordpress.com,Male,143.79.127.229
226,Helene,Acland,hacland69@yandex.ru,Female,83.33.1.78
227,Marlee,Ferriere,mferriere6a@clickbank.net,Female,92.25.232.136
228,Loren,Blei,lblei6b@squidoo.com,Genderfluid,210.165.92.115
229,Velvet,Claasen,vclaasen6c@google.co.uk,Female,56.62.32.172
230,Elizabeth,Praton,epraton6d@bandcamp.com,Genderqueer,233.51.99.12
231,Erick,Zanetello,ezanetello6e@redcross.org,Male,90.94.65.239
232,Wenonah,Boland,wboland6f@g.co,Female,128.49.73.162
233,Markos,Ambrosini,mambrosini6g@sphinn.com,Male,82.144.163.21
234,Lorette,Brimilcombe,lbrimilcombe6h@cbsnews.com,Female,255.250.190.76
235,Padget,Besnardeau,pbesnardeau6i@slate.com,Male,51.80.133.156
236,Wiatt,Melsome,wmelsome6j@hud.gov,Male,61.3.73.240
237,Antonino,Sweeten,asweeten6k@linkedin.com,Male,41.17.154.98
238,Fraser,Bleythin,fbleythin6l@i2i.jp,Male,239.247.40.28
239,Lise,Kulis,lkulis6m@icio.us,Female,133.108.63.183
240,El,Rowson,erowson6n@techcrunch.com,Male,1.13.127.2
241,Rutter,Covelle,rcovelle6o@virginia.edu,Male,97.54.185.81
242,Tori,Milne,tmilne6p@cbc.ca,Female,214.4.40.158
243,Sonya,Skitteral,sskitteral6q@uol.com.br,Female,175.139.239.189
244,Augusto,Preddy,apreddy6r@stumbleupon.com,Male,175.202.233.232
245,Isabelita,Suermeiers,isuermeiers6s@sbwire.com,Female,191.227.169.83
246,Reinwald,Fearnehough,rfearnehough6t@ask.com,Male,45.230.141.12
247,Alida,Rengger,arengger6u@google.ru,Female,122.252.46.149
248,Erich,Strood,estrood6v@creativecommons.org,Male,164.222.79.157
249,Kerry,Jarrel,kjarrel6w@is.gd,Female,226.25.255.162
250,Tremaine,Fridd,tfridd6x@thetimes.co.uk,Polygender,47.168.235.210
251,Briggs,Segoe,bsegoe6y@techcrunch.com,Male,79.50.91.96
252,Lorne,Kimbley,lkimbley6z@va.gov,Male,73.169.45.47
253,Toddie,Allso,tallso70@marketwatch.com,Male,35.73.234.196
254,Adelbert,McCaughey,amccaughey71@unblog.fr,Male,185.96.254.242
255,Lynn,Hurley,lhurley72@posterous.com,Male,157.168.157.210
256,Garrott,Boodell,gboodell73@java.com,Bigender,219.177.40.89
257,Mariellen,Glabach,mglabach74@ezinearticles.com,Female,175.32.141.27
258,Dillon,Muspratt,dmuspratt75@bluehost.com,Male,249.104.160.103
259,Gregoor,Irdale,girdale76@ucoz.com,Male,162.62.177.199
260,Trenna,Mithun,tmithun77@cbslocal.com,Female,54.43.95.52
261,Adan,Scorer,ascorer78@bloglines.com,Female,209.29.26.77
262,Lynda,Steer,lsteer79@dot.gov,Female,25.227.20.227
263,Carri,Chaffyn,cchaffyn7a@alexa.com,Female,203.86.184.209
264,Ludwig,Pebworth,lpebworth7b@admin.ch,Male,89.214.0.54
265,Ardys,Sultana,asultana7c@gravatar.com,Non-binary,52.69.133.202
266,Ronnie,Hazzard,rhazzard7d@msn.com,Female,93.52.31.93
267,Earvin,Piolli,epiolli7e@123-reg.co.uk,Male,7.89.206.8
268,Jerrine,Saull,jsaull7f@cnet.com,Female,134.76.241.141
269,Osbourn,Corneille,ocorneille7g@globo.com,Male,214.91.54.172
270,Gill,Barrick,gbarrick7h@bloglovin.com,Male,128.99.102.170
271,Briny,Grassi,bgrassi7i@rediff.com,Female,66.19.151.101
272,Mada,Foreman,mforeman7j@cpanel.net,Female,64.218.147.174
273,Billy,Minchindon,bminchindon7k@businessinsider.com,Female,208.120.142.66
274,Hastie,Doucette,hdoucette7l@themeforest.net,Male,196.81.231.118
275,Evelina,Auton,eauton7m@virginia.edu,Female,233.86.25.249
276,Averell,Teissier,ateissier7n@reuters.com,Male,37.71.135.33
277,Shaylah,Corwin,scorwin7o@census.gov,Female,148.245.222.119
278,Levin,Weymont,lweymont7p@flickr.com,Male,254.90.85.154
279,Dunc,Legion,dlegion7q@yandex.ru,Male,225.240.65.141
280,Ann,Langeley,alangeley7r@cbslocal.com,Female,136.227.111.181
281,Burr,Kilpin,bkilpin7s@photobucket.com,Male,78.36.134.6
282,Hewet,Abramsky,habramsky7t@about.me,Male,51.255.220.45
283,Deny,Guitt,dguitt7u@google.com,Female,162.221.220.241
284,Ania,Heak,aheak7v@yahoo.com,Female,19.142.255.179
285,Luci,Worland,lworland7w@bigcartel.com,Female,128.236.103.91
286,Em,Pratt,epratt7x@cafepress.com,Male,15.4.93.41
287,Andra,Fass,afass7y@hubpages.com,Bigender,103.63.101.161
288,Fredi,Ellerey,fellerey7z@wsj.com,Female,168.124.52.139
289,Osmund,Conaboy,oconaboy80@canalblog.com,Male,167.227.209.42
290,Samara,Ipplett,sipplett81@theglobeandmail.com,Female,56.72.135.56
291,Steward,Itzchaky,sitzchaky82@prweb.com,Male,129.135.183.215
292,Shurlock,Reader,sreader83@yahoo.com,Male,119.243.168.120
293,Tom,Harte,tharte84@histats.com,Male,127.78.234.210
294,Ashton,Jobbing,ajobbing85@netscape.com,Male,28.113.185.172
295,Leann,Vagg,lvagg86@marketwatch.com,Female,173.61.238.150
296,Clerissa,Heining,cheining87@zimbio.com,Female,234.130.180.119
297,Gardner,Belfield,gbelfield88@earthlink.net,Male,21.230.191.228
298,Betty,Mabb,bmabb89@behance.net,Genderfluid,63.125.5.103
299,Obediah,Clemensen,oclemensen8a@yale.edu,Male,31.36.104.168
300,Carolin,Kearton,ckearton8b@ameblo.jp,Female,41.211.147.68
301,Nappie,Kerswell,nkerswell8c@fema.gov,Male,132.79.145.210
302,Wainwright,Vannet,wvannet8d@usda.gov,Male,56.66.201.79
303,Bill,Chidley,bchidley8e@linkedin.com,Male,23.60.66.231
304,Edvard,Benner,ebenner8f@shinystat.com,Male,140.202.140.244
305,Roshelle,Monckman,rmonckman8g@tinyurl.com,Female,120.72.91.132
306,Tull,Borzoni,tborzoni8h@tripadvisor.com,Male,194.34.134.164
307,Bennie,Poulton,bpoulton8i@sina.com.cn,Female,1.58.187.175
308,Candide,Andrini,candrini8j@dailymotion.com,Female,146.131.198.22
309,Erika,Dorkins,edorkins8k@t-online.de,Female,172.114.234.80
310,Vilma,Tytler,vtytler8l@jalbum.net,Female,48.117.225.12
311,Rozamond,Pace,rpace8m@t-online.de,Female,171.175.154.241
312,Mathe,McGown,mmcgown8n@howstuffworks.com,Non-binary,74.151.197.227
313,Shelagh,Toffler,stoffler8o@sciencedaily.com,Female,230.86.153.29
314,Ivie,Dimitrie,idimitrie8p@surveymonkey.com,Female,154.220.114.56
315,Ruperta,Braisby,rbraisby8q@marriott.com,Female,139.230.5.202
316,Laverne,Lelande,llelande8r@ehow.com,Female,217.110.232.125
317,Gino,Breewood,gbreewood8s@slate.com,Male,204.33.221.196
318,Alex,Alfwy,aalfwy8t@bandcamp.com,Male,129.29.123.215
319,Denney,Burkill,dburkill8u@columbia.edu,Male,70.105.253.236
320,Koral,Reddlesden,kreddlesden8v@blog.com,Female,137.46.149.4
321,Tomkin,Farfull,tfarfull8w@51.la,Male,194.80.4.253
322,Yuri,Vereker,yvereker8x@biglobe.ne.jp,Male,242.60.112.222
323,Bo,McNea,bmcnea8y@vkontakte.ru,Male,9.187.135.178
324,Maddalena,McLenaghan,mmclenaghan8z@webeden.co.uk,Female,161.75.254.206
325,Julita,Lagneaux,jlagneaux90@taobao.com,Female,65.108.217.120
326,Khalil,Audibert,kaudibert91@sphinn.com,Male,130.169.96.71
327,Brian,Gerg,bgerg92@hc360.com,Male,190.105.85.170
328,Stan,Rothchild,srothchild93@imdb.com,Male,12.236.150.86
329,Hewet,Mc Curlye,hmccurlye94@dot.gov,Male,135.195.177.136
330,Elladine,Corona,ecorona95@tmall.com,Female,215.10.141.63
331,Cy,Willment,cwillment96@msn.com,Male,12.218.31.237
332,Maure,Wattisham,mwattisham97@dedecms.com,Bigender,36.151.70.229
333,Agace,Veivers,aveivers98@unesco.org,Female,218.233.113.191
334,Luciano,Cabbell,lcabbell99@bizjournals.com,Male,22.1.236.52
335,Abby,Fairlam,afairlam9a@msu.edu,Male,81.165.62.173
336,Holmes,Pitt,hpitt9b@xrea.com,Male,35.166.230.68
337,Roanna,Wilby,rwilby9c@wired.com,Female,64.18.81.231
338,Stirling,Thoms,sthoms9d@surveymonkey.com,Male,65.3.112.160
339,Riley,Longman,rlongman9e@opera.com,Male,173.235.197.148
340,Lee,Brunner,lbrunner9f@xrea.com,Female,5.187.240.39
341,Jacob,Tailour,jtailour9g@netscape.com,Male,85.216.5.101
342,Neils,Woodlands,nwoodlands9h@npr.org,Male,146.233.54.51
343,Vernon,Arnason,varnason9i@harvard.edu,Male,194.227.53.250
344,Mirabelle,Wilsone,mwilsone9j@census.gov,Female,37.66.128.253
345,Harrietta,Silber,hsilber9k@com.com,Female,75.115.29.37
346,Estelle,Joontjes,ejoontjes9l@goodreads.com,Female,220.45.207.122
347,Otes,Monkleigh,omonkleigh9m@blogspot.com,Male,153.76.36.218
348,Marcelo,Greenroyd,mgreenroyd9n@123-reg.co.uk,Male,108.59.156.53
349,Leigh,Scotchmoor,lscotchmoor9o@mtv.com,Male,49.199.222.92
350,Amil,Demare,ademare9p@weebly.com,Female,67.215.35.26
351,Catharina,Hancox,chancox9q@prweb.com,Female,46.62.40.83
352,Bucky,Waterdrinker,bwaterdrinker9r@sohu.com,Male,152.77.229.8
353,Sibylle,Kirsche,skirsche9s@boston.com,Female,227.206.55.215
354,Thacher,Wainer,twainer9t@macromedia.com,Male,67.157.24.6
355,Anatollo,Yukhnov,ayukhnov9u@upenn.edu,Male,222.116.215.226
356,Gwenneth,Tomsu,gtomsu9v@gov.uk,Female,95.191.62.48
357,Morris,Gildersleaves,mgildersleaves9w@senate.gov,Male,222.74.253.81
358,Joelly,Biggerstaff,jbiggerstaff9x@wisc.edu,Female,207.66.30.44
359,Giovanni,Waryk,gwaryk9y@so-net.ne.jp,Male,8.173.62.24
360,Farly,Putten,fputten9z@hexun.com,Male,219.97.35.126
361,Dylan,MacCall,dmaccalla0@example.com,Male,126.154.153.28
362,Valdemar,Kordes,vkordesa1@admin.ch,Male,32.209.142.51
363,Maridel,Scutter,mscuttera2@samsung.com,Female,251.46.79.50
364,Paddy,Rottcher,prottchera3@tiny.cc,Male,10.87.63.235
365,Abran,Batrip,abatripa4@github.com,Male,146.55.242.201
366,Pat,Blomfield,pblomfielda5@slashdot.org,Male,96.226.147.139
367,Leonore,Zeal,lzeala6@taobao.com,Female,221.178.198.89
368,Cairistiona,Phippen,cphippena7@xing.com,Female,45.53.206.126
369,Erwin,Eick,eeicka8@g.co,Male,105.232.204.45
370,Jarrett,Ugolini,jugolinia9@tuttocitta.it,Male,188.149.42.67
371,Giuseppe,Dawidowitz,gdawidowitzaa@foxnews.com,Male,196.73.225.130
372,Ola,M'Quharg,omquhargab@who.int,Female,148.157.121.110
373,Andre,Gainfort,againfortac@g.co,Male,69.199.137.44
374,Ellie,Sitford,esitfordad@shareasale.com,Genderfluid,129.146.249.141
375,Wittie,Bruhn,wbruhnae@thetimes.co.uk,Male,39.81.231.223
376,Ailbert,Abelevitz,aabelevitzaf@utexas.edu,Male,16.137.144.225
377,Griffy,Bareford,gbarefordag@jimdo.com,Male,121.65.214.65
378,Cull,Lelande,clelandeah@alibaba.com,Male,34.82.165.237
379,Bessy,Heiss,bheissai@unesco.org,Female,196.233.189.240
380,Billie,Cathcart,bcathcartaj@house.gov,Female,71.56.58.72
381,Seamus,Kattenhorn,skattenhornak@dailymail.co.uk,Male,198.99.25.75
382,Tremain,Dell Casa,tdellcasaal@friendfeed.com,Male,192.146.23.107
383,Ludvig,Hatherley,lhatherleyam@de.vu,Male,48.170.130.210
384,Francklyn,Buske,fbuskean@topsy.com,Male,89.82.42.147
385,Debor,Dakers,ddakersao@ca.gov,Bigender,10.145.138.95
386,Millisent,Bellchamber,mbellchamberap@ovh.net,Female,65.171.92.192
387,Fionnula,Soares,fsoaresaq@ehow.com,Female,1.225.121.151
388,Shea,Sharpley,ssharpleyar@foxnews.com,Male,41.37.191.55
389,Jareb,Suddock,jsuddockas@domainmarket.com,Male,100.222.140.251
390,Ardenia,Reede,areedeat@plala.or.jp,Genderfluid,192.158.45.79
391,Erny,Skahill,eskahillau@bloglines.com,Male,123.13.140.76
392,Amberly,Meneghi,ameneghiav@google.ca,Female,61.41.151.124
393,Lyn,Bumfrey,lbumfreyaw@seattletimes.com,Female,109.157.249.106
394,Marybelle,Murrow,mmurrowax@odnoklassniki.ru,Female,110.187.108.95
395,Nealon,Willerstone,nwillerstoneay@fda.gov,Male,197.69.13.228
396,Demetria,Brydson,dbrydsonaz@si.edu,Female,154.250.8.96
397,Dael,Heffernan,dheffernanb0@home.pl,Male,235.216.203.224
398,Fielding,Rubie,frubieb1@nifty.com,Male,197.129.110.109
399,Gladi,Bestiman,gbestimanb2@hugedomains.com,Female,63.116.34.246
400,Prinz,Ciccoloi,pciccoloib3@livejournal.com,Male,130.242.245.90
401,Marya,Kubicek,mkubicekb4@kickstarter.com,Female,190.10.207.243
402,Magnum,Hayfield,mhayfieldb5@histats.com,Male,183.163.237.97
403,Victor,Vian,vvianb6@irs.gov,Male,26.66.242.71
404,Neal,Coit,ncoitb7@ocn.ne.jp,Non-binary,246.53.168.12
405,Catha,Judron,cjudronb8@chicagotribune.com,Genderqueer,13.31.131.43
406,Kirbie,Shipp,kshippb9@cargocollective.com,Female,157.238.224.51
407,Reginauld,McGifford,rmcgiffordba@senate.gov,Male,228.31.229.101
408,Donielle,Pryce,dprycebb@yandex.ru,Female,114.62.177.255
409,Jack,Adenot,jadenotbc@sakura.ne.jp,Male,24.230.214.174
410,Querida,Dimitriou,qdimitrioubd@netscape.com,Genderfluid,222.127.94.12
411,Anabel,Shury,ashurybe@wp.com,Female,185.250.47.1
412,Grannie,Budden,gbuddenbf@fotki.com,Male,105.18.126.217
413,Billi,Rayne,braynebg@home.pl,Female,217.120.64.203
414,Perkin,Abramson,pabramsonbh@last.fm,Male,198.125.125.166
415,Lari,Ambrogini,lambroginibi@alexa.com,Female,25.194.53.199
416,Ansley,Stanbridge,astanbridgebj@uiuc.edu,Female,64.154.70.239
417,Cesaro,Sarre,csarrebk@godaddy.com,Male,25.23.159.88
418,Beauregard,Scandrick,bscandrickbl@prlog.org,Male,87.222.197.245
419,Allie,Baudinet,abaudinetbm@bloomberg.com,Female,175.171.3.184
420,Cicely,Pardew,cpardewbn@devhub.com,Female,185.158.162.249
421,Basil,Osbaldstone,bosbaldstonebo@mashable.com,Male,44.16.229.199
422,Eleanora,Throughton,ethroughtonbp@ft.com,Female,196.31.23.140
423,Rivkah,Gyorffy,rgyorffybq@twitpic.com,Female,73.244.154.68
424,Roselin,Downey,rdowneybr@reference.com,Female,254.60.51.19
425,Ingaberg,Prahm,iprahmbs@4shared.com,Female,108.34.17.252
426,Taryn,Darleston,tdarlestonbt@usatoday.com,Female,185.79.246.208
427,Casar,Peyntue,cpeyntuebu@discovery.com,Male,47.193.212.147
428,Ruthe,Gilfillan,rgilfillanbv@furl.net,Female,245.169.72.224
429,Troy,De Giorgio,tdegiorgiobw@yellowpages.com,Male,206.36.253.6
430,Gianni,Cliffe,gcliffebx@japanpost.jp,Male,114.102.43.109
431,Harmonie,Fellnee,hfellneeby@quantcast.com,Female,120.231.94.164
432,Lew,Domleo,ldomleobz@mapy.cz,Male,214.23.211.94
433,Edlin,Caddies,ecaddiesc0@un.org,Male,5.98.119.99
434,Lindsey,Harriskine,lharriskinec1@alexa.com,Male,128.118.159.148
435,Dayna,Amies,damiesc2@zimbio.com,Female,151.11.99.122
436,Druci,Jeffes,djeffesc3@yale.edu,Female,146.48.63.67
437,Bradan,McCurtin,bmccurtinc4@cam.ac.uk,Male,205.132.251.59
438,Gerald,Buer,gbuerc5@flickr.com,Male,252.91.88.190
439,Maure,Edwicker,medwickerc6@cbslocal.com,Female,20.251.141.152
440,Philipa,Throughton,pthroughtonc7@alexa.com,Female,173.204.18.223
441,Charissa,Ruf,crufc8@bloglines.com,Female,80.193.140.194
442,Melantha,Knibley,mknibleyc9@quantcast.com,Female,230.72.209.41
443,Lovell,Menicomb,lmenicombca@va.gov,Male,149.100.199.226
444,Inger,McGowing,imcgowingcb@columbia.edu,Male,41.28.44.105
445,Pearl,Edeson,pedesoncc@cbc.ca,Female,103.204.48.141
446,Merci,Delea,mdeleacd@amazon.co.uk,Female,61.118.30.142
447,Leupold,Souch,lsouchce@livejournal.com,Male,222.217.103.65
448,Coriss,Punton,cpuntoncf@hibu.com,Female,106.9.160.73
449,Alyssa,Brognot,abrognotcg@amazonaws.com,Female,25.226.89.182
450,Joanna,Janssen,jjanssench@nasa.gov,Female,222.15.132.93
451,Giffer,Rockliffe,grockliffeci@hatena.ne.jp,Male,161.145.61.98
452,Emmanuel,Bruckenthal,ebruckenthalcj@hp.com,Male,213.112.45.22
453,Ashly,Tongs,atongsck@oaic.gov.au,Female,104.81.255.52
454,Brandyn,Fiddiman,bfiddimancl@dion.ne.jp,Male,58.199.6.85
455,Bald,Blackaller,bblackallercm@hugedomains.com,Male,203.212.29.255
456,Sadella,Spary,ssparycn@indiatimes.com,Female,112.87.255.181
457,Dawna,Ridd,driddco@fema.gov,Female,163.87.143.219
458,Stevana,Hartegan,shartegancp@mashable.com,Female,237.65.211.227
459,Denys,Purvis,dpurviscq@vk.com,Female,167.1.145.48
460,Zia,Van Castele,zvancastelecr@statcounter.com,Female,243.100.64.214
461,Maxi,Crook,mcrookcs@cargocollective.com,Female,117.252.173.11
462,Tyler,Gammell,tgammellct@jugem.jp,Bigender,229.155.186.204
463,Nora,Pheasant,npheasantcu@macromedia.com,Female,127.6.118.250
464,Hobard,Lomas,hlomascv@cnbc.com,Male,100.177.121.209
465,Lanette,Humes,lhumescw@t-online.de,Female,245.102.80.212
466,Griswold,Savidge,gsavidgecx@intel.com,Male,150.252.227.27
467,Neala,Glanvill,nglanvillcy@technorati.com,Female,76.190.24.121
468,Drew,Cran,dcrancz@123-reg.co.uk,Male,169.83.98.167
469,Gerek,Leversuch,gleversuchd0@w3.org,Male,20.72.150.66
470,Ettie,Rush,erushd1@nyu.edu,Female,243.51.68.246
471,Phineas,Ortsmann,portsmannd2@wired.com,Male,107.145.99.127
472,Renelle,MacCurlye,rmaccurlyed3@pinterest.com,Female,24.161.84.24
473,Ancell,Kulvear,akulveard4@nsw.gov.au,Male,103.89.232.232
474,Farrell,Grist,fgristd5@zimbio.com,Male,193.135.149.94
475,Stacie,Yaus,syausd6@oaic.gov.au,Female,55.156.194.115
476,Fania,McGuffie,fmcguffied7@cornell.edu,Female,92.110.148.80
477,Fax,Thurborn,fthurbornd8@merriam-webster.com,Male,183.169.31.170
478,Giffer,Corneliussen,gcorneliussend9@posterous.com,Male,77.44.233.44
479,Gwyn,Rampton,gramptonda@buzzfeed.com,Female,113.29.152.13
480,Mariya,St. Quentin,mstquentindb@state.gov,Female,46.48.225.212
481,Rebekkah,Brighouse,rbrighousedc@istockphoto.com,Female,171.122.210.210
482,Natalina,Snazle,nsnazledd@techcrunch.com,Female,68.163.162.245
483,Meta,Royan,mroyande@gov.uk,Female,41.254.218.98
484,Gayler,Nutting,gnuttingdf@senate.gov,Male,119.107.151.82
485,Alissa,Hegel,ahegeldg@sfgate.com,Female,18.178.155.21
486,Frans,Stranieri,fstranieridh@booking.com,Male,120.243.29.99
487,Pren,Schruyer,pschruyerdi@bizjournals.com,Male,46.181.150.29
488,Ross,Copsey,rcopseydj@ocn.ne.jp,Male,52.205.226.10
489,Rollins,Isenor,risenordk@toplist.cz,Male,13.85.62.221
490,Hubie,Hullyer,hhullyerdl@behance.net,Male,213.46.160.205
491,Lyda,Stoade,lstoadedm@odnoklassniki.ru,Female,163.225.78.59
492,Thor,Malim,tmalimdn@edublogs.org,Male,26.55.29.199
493,Greggory,Pechan,gpechando@elegantthemes.com,Male,84.143.172.126
494,Agnese,Lantiff,alantiffdp@icio.us,Female,40.95.220.26
495,Brigid,Ellit,bellitdq@imgur.com,Female,141.156.136.99
496,Nita,Utterson,nuttersondr@guardian.co.uk,Female,155.159.123.147
497,Irina,Stickings,istickingsds@google.co.jp,Female,59.186.125.125
498,Marcelo,Chaudron,mchaudrondt@trellian.com,Male,103.30.198.241
499,Madelena,Edmondson,medmondsondu@techcrunch.com,Female,51.47.98.51
500,Mortimer,MacKenney,mmackenneydv@symantec.com,Male,234.67.69.230
501,Errick,Thody,ethodydw@com.com,Bigender,45.52.65.214
502,Harris,Scyone,hscyonedx@w3.org,Male,1.94.99.179
503,Janina,Kubiczek,jkubiczekdy@wp.com,Genderqueer,200.183.138.215
504,Elvis,Maggill'Andreis,emaggillandreisdz@smh.com.au,Male,68.186.81.214
505,Bran,de Courcey,bdecourceye0@feedburner.com,Male,251.93.136.47
506,Filippo,Langwade,flangwadee1@scientificamerican.com,Male,232.182.79.14
507,Shel,Butchers,sbutcherse2@telegraph.co.uk,Bigender,156.133.91.90
508,Alyosha,Asbury,aasburye3@sciencedirect.com,Male,202.201.74.168
509,Cherlyn,Gummery,cgummerye4@ustream.tv,Genderqueer,138.14.234.49
510,Brittni,McCurt,bmccurte5@oakley.com,Female,235.23.72.72
511,Staffard,Twidell,stwidelle6@usda.gov,Male,189.74.160.209
512,Jackqueline,Sandcroft,jsandcrofte7@rediff.com,Female,25.31.231.200
513,Dinah,Broggio,dbroggioe8@free.fr,Female,224.119.165.73
514,Enriqueta,Wolton,ewoltone9@sohu.com,Female,239.186.107.121
515,Tatum,Burnyate,tburnyateea@hhs.gov,Polygender,253.17.92.28
516,Tabbie,Godfray,tgodfrayeb@howstuffworks.com,Female,154.211.59.164
517,Sande,Marzelli,smarzelliec@yelp.com,Female,180.161.231.86
518,Sherie,Hartburn,shartburned@constantcontact.com,Female,228.67.235.57
519,Michal,Wadge,mwadgeee@whitehouse.gov,Male,245.28.9.60
520,Keven,Epps,keppsef@canalblog.com,Male,103.36.144.127
521,Hermione,McDonnell,hmcdonnelleg@elpais.com,Non-binary,206.23.76.70
522,Belita,Kearey,bkeareyeh@mozilla.com,Genderqueer,149.160.18.172
523,Melli,Nicholl,mnichollei@cocolog-nifty.com,Female,9.90.23.155
524,Wenda,Going,wgoingej@usnews.com,Female,189.154.204.79
525,Birgit,Jossum,bjossumek@apple.com,Female,16.7.92.174
526,Letizia,Fidgett,lfidgettel@goo.ne.jp,Female,81.120.207.166
527,Rakel,Ismay,rismayem@home.pl,Female,45.82.6.11
528,Cos,Pool,cpoolen@123-reg.co.uk,Male,3.148.64.28
529,Margeaux,Letcher,mletchereo@prlog.org,Female,41.17.7.124
530,Ira,Hankins,ihankinsep@google.ru,Male,228.110.239.105
531,Kane,Lindley,klindleyeq@plala.or.jp,Male,247.54.114.206
532,Wilow,Ozanne,wozanneer@apache.org,Female,239.165.208.101
533,Peadar,Doge,pdogees@comsenz.com,Male,207.155.60.40
534,Karalee,Lowbridge,klowbridgeet@youtube.com,Female,141.155.168.82
535,Phyllida,Cowderoy,pcowderoyeu@example.com,Female,249.64.207.156
536,Felecia,Yurenin,fyureninev@plala.or.jp,Female,161.80.135.180
537,Klement,Deegin,kdeeginew@typepad.com,Male,89.96.249.213
538,Cullin,Etherton,cethertonex@flavors.me,Male,12.144.245.191
539,Kippie,Mylchreest,kmylchreestey@omniture.com,Male,57.165.5.206
540,Tiebout,Coneley,tconeleyez@msn.com,Male,64.239.80.10
541,Andrew,Inder,ainderf0@netscape.com,Male,120.17.75.169
542,Wilmer,Penwright,wpenwrightf1@hexun.com,Male,49.126.84.62
543,Monti,Gatcliff,mgatclifff2@auda.org.au,Male,215.0.121.68
544,Rozanna,Cookney,rcookneyf3@nature.com,Bigender,22.2.45.197
545,Martainn,Schwant,mschwantf4@merriam-webster.com,Bigender,22.2.125.108
546,Helge,Lewing,hlewingf5@cdbaby.com,Female,250.150.104.93
547,Marven,Kurth,mkurthf6@slashdot.org,Male,243.181.33.114
548,Netty,Shimony,nshimonyf7@altervista.org,Female,9.186.7.209
549,Lothario,Dawes,ldawesf8@joomla.org,Male,106.51.226.144
550,Whitney,Hatchard,whatchardf9@tiny.cc,Male,134.3.50.116
551,Davey,Hendrik,dhendrikfa@webs.com,Male,204.137.62.255
552,Barbette,Whetson,bwhetsonfb@howstuffworks.com,Female,160.43.152.221
553,Hamish,Ricciardelli,hricciardellifc@china.com.cn,Male,27.192.202.17
554,Georgena,Ranklin,granklinfd@parallels.com,Female,23.116.115.181
555,Cahra,Greiser,cgreiserfe@drupal.org,Female,62.207.15.38
556,Rycca,McKeurton,rmckeurtonff@privacy.gov.au,Female,178.64.211.27
557,Imelda,Wehner,iwehnerfg@tamu.edu,Female,131.80.48.229
558,Jacob,Phythian,jphythianfh@aol.com,Male,36.255.61.69
559,Tilly,Wile,twilefi@jiathis.com,Female,187.138.38.54
560,Conney,Parnham,cparnhamfj@omniture.com,Male,158.248.220.224
561,Andeee,Mobberley,amobberleyfk@bigcartel.com,Female,122.55.251.119
562,Hollis,Preshaw,hpreshawfl@vk.com,Male,28.53.5.73
563,Mimi,Benedicte,mbenedictefm@reference.com,Female,54.46.245.210
564,Cindra,Formby,cformbyfn@a8.net,Female,197.251.171.227
565,Clayborne,Hydes,chydesfo@bbc.co.uk,Male,154.92.98.66
566,Samson,Welchman,swelchmanfp@multiply.com,Male,177.238.3.247
567,Nettle,Snelle,nsnellefq@hibu.com,Non-binary,22.121.87.138
568,Charmian,Poulsen,cpoulsenfr@whitehouse.gov,Female,11.154.108.20
569,Jory,Stennings,jstenningsfs@virginia.edu,Male,186.41.105.63
570,Lyn,Knottley,lknottleyft@ow.ly,Male,223.101.188.32
571,Aguistin,Sarsfield,asarsfieldfu@hc360.com,Male,215.148.60.194
572,Gerry,Danilovitch,gdanilovitchfv@yolasite.com,Female,18.135.74.5
573,Hubey,MacMickan,hmacmickanfw@ox.ac.uk,Male,112.55.126.208
574,Rochelle,Dunan,rdunanfx@google.com.br,Polygender,175.231.165.217
575,Steffie,Keenleyside,skeenleysidefy@mayoclinic.com,Genderfluid,71.245.23.205
576,Walther,Cawston,wcawstonfz@economist.com,Male,46.242.108.227
577,Theresina,Goodayle,tgoodayleg0@opensource.org,Female,110.188.126.13
578,Torin,Potzold,tpotzoldg1@wikia.com,Male,111.157.163.12
579,Derrik,Bounde,dboundeg2@tmall.com,Male,173.17.159.253
580,Lynnett,Kollas,lkollasg3@unicef.org,Female,103.126.124.102
581,Jerri,Durbin,jdurbing4@foxnews.com,Male,77.213.132.135
582,Ewart,Dionisi,edionisig5@webs.com,Male,147.206.177.247
583,Ibrahim,Harcase,iharcaseg6@blog.com,Genderqueer,196.233.181.144
584,Nellie,Simenel,nsimenelg7@usa.gov,Female,44.145.21.248
585,Corrina,Slowcock,cslowcockg8@amazonaws.com,Female,206.87.46.78
586,Idalina,Matanin,imataning9@forbes.com,Female,3.179.64.69
587,Jack,Baurerich,jbaurerichga@engadget.com,Male,175.225.19.233
588,Reilly,Dumberrill,rdumberrillgb@auda.org.au,Male,122.154.141.81
589,Ivar,Baldelli,ibaldelligc@drupal.org,Male,112.149.159.35
590,Dolores,Hallihane,dhallihanegd@fc2.com,Polygender,240.132.94.240
591,Cynthie,Duncanson,cduncansonge@tiny.cc,Female,50.160.149.11
592,Lindy,Schimek,lschimekgf@macromedia.com,Female,150.216.5.24
593,Anet,Phythean,aphytheangg@nymag.com,Female,115.226.147.48
594,Cart,Bothram,cbothramgh@uiuc.edu,Male,155.134.71.160
595,Derron,Weiser,dweisergi@woothemes.com,Male,30.149.198.92
596,Kippar,Jikylls,kjikyllsgj@goodreads.com,Male,156.187.94.4
597,Karilynn,Tripett,ktripettgk@eventbrite.com,Female,193.14.169.184
598,Babbie,Guillford,bguillfordgl@youku.com,Female,102.116.76.36
599,Ricoriki,Spellacy,rspellacygm@walmart.com,Male,90.34.116.69
600,Cathy,Prahm,cprahmgn@opensource.org,Female,131.152.73.100
601,Essie,Aird,eairdgo@cafepress.com,Female,208.72.3.111
602,Torrey,Soles,tsolesgp@networkadvertising.org,Male,66.81.171.31
603,Hendrick,Musso,hmussogq@zdnet.com,Male,6.232.250.12
604,Barbee,Tettley,btettleygr@ocn.ne.jp,Female,163.175.238.97
605,Carmelia,Whitesel,cwhiteselgs@edublogs.org,Female,98.250.184.205
606,Osgood,Praundl,opraundlgt@live.com,Male,172.225.142.76
607,Irv,Balstone,ibalstonegu@aol.com,Male,75.28.7.32
608,Weider,Hasney,whasneygv@washingtonpost.com,Male,181.2.52.98
609,Jacquetta,Ivanaev,jivanaevgw@creativecommons.org,Female,167.54.248.194
610,Tucky,Raywood,traywoodgx@statcounter.com,Male,112.67.183.210
611,Deeanne,Serjent,dserjentgy@nba.com,Female,34.2.65.197
612,Luise,Kingcott,lkingcottgz@creativecommons.org,Female,63.29.112.98
613,Martelle,Caswell,mcaswellh0@cbslocal.com,Female,207.88.197.104
614,Barbara-anne,Frears,bfrearsh1@chron.com,Female,17.149.97.234
615,Maitilde,Canario,mcanarioh2@washington.edu,Female,154.216.82.80
616,Kin,Chipchase,kchipchaseh3@ed.gov,Male,170.83.136.128
617,Rozanna,Ruzicka,rruzickah4@xing.com,Agender,123.191.130.215
618,Herbie,Westhofer,hwesthoferh5@ow.ly,Male,154.5.4.136
619,Meridel,Orneblow,morneblowh6@goo.ne.jp,Female,4.118.136.158
620,Alvinia,Westmoreland,awestmorelandh7@nasa.gov,Female,30.14.190.185
621,Shana,Obey,sobeyh8@ca.gov,Female,191.165.239.201
622,Guido,Magister,gmagisterh9@nbcnews.com,Male,188.232.66.162
623,Terrell,Ivanchikov,tivanchikovha@pinterest.com,Polygender,16.19.128.71
624,Waverly,Meace,wmeacehb@shinystat.com,Male,110.152.16.181
625,Boyd,Grinsdale,bgrinsdalehc@statcounter.com,Bigender,51.171.112.209
626,Barbaraanne,Braffington,bbraffingtonhd@typepad.com,Female,29.166.137.216
627,Ddene,Valerius,dvaleriushe@quantcast.com,Polygender,213.55.241.194
628,Philip,Wrangle,pwranglehf@mayoclinic.com,Male,223.179.9.201
629,Matthus,Alfuso,malfusohg@patch.com,Male,35.65.34.228
630,Vilhelmina,Prickett,vpricketthh@abc.net.au,Female,234.99.105.36
631,Augusta,Hulburd,ahulburdhi@washington.edu,Non-binary,133.208.35.137
632,Eadmund,Strutt,estrutthj@thetimes.co.uk,Male,221.119.231.145
633,Ambrosi,Waldren,awaldrenhk@flavors.me,Male,37.14.232.30
634,Standford,McGinly,smcginlyhl@github.io,Male,126.55.138.68
635,Ferne,Elston,felstonhm@yellowbook.com,Female,57.128.232.190
636,Lee,Celli,lcellihn@guardian.co.uk,Male,123.227.82.84
637,Edmon,Collumbell,ecollumbellho@arstechnica.com,Male,137.216.113.56
638,Latrena,Champneys,lchampneyshp@senate.gov,Female,94.155.88.195
639,Pia,Guthrum,pguthrumhq@vinaora.com,Female,10.254.76.247
640,Eydie,Bethune,ebethunehr@constantcontact.com,Female,72.157.29.116
641,Eilis,Baldini,ebaldinihs@msn.com,Female,15.32.36.245
642,Cornie,Rennebeck,crennebeckht@shareasale.com,Male,153.151.148.35
643,Rickie,Columbine,rcolumbinehu@amazon.de,Male,158.58.118.30
644,Yurik,Clurow,yclurowhv@wikimedia.org,Male,36.58.234.130
645,Levi,Tarquinio,ltarquiniohw@i2i.jp,Male,95.180.78.14
646,Evan,Toquet,etoquethx@gizmodo.com,Male,136.61.71.178
647,Wayland,Morffew,wmorffewhy@home.pl,Male,38.186.136.89
648,Dill,Eye,deyehz@youku.com,Male,122.160.214.165
649,Maddie,Giottini,mgiottinii0@state.gov,Female,173.127.88.191
650,Kale,McKay,kmckayi1@imageshack.us,Male,37.208.190.53
651,Allister,Matthensen,amatthenseni2@flavors.me,Male,134.196.156.182
652,Emelda,Tootal,etootali3@cbc.ca,Female,41.31.191.95
653,Leshia,Bernardo,lbernardoi4@oaic.gov.au,Female,66.75.135.146
654,Gran,Brandsma,gbrandsmai5@google.co.uk,Male,207.17.48.246
655,Kendrick,Caldron,kcaldroni6@state.tx.us,Male,232.3.89.95
656,Korie,Cattlemull,kcattlemulli7@facebook.com,Female,126.243.184.104
657,Jennette,Stebbings,jstebbingsi8@senate.gov,Female,228.178.69.72
658,Niall,Nelson,nnelsoni9@sitemeter.com,Male,79.66.2.24
659,Abran,Vurley,avurleyia@ucla.edu,Male,169.72.5.242
660,Vanda,Eddy,veddyib@globo.com,Genderqueer,165.209.81.6
661,Morley,Canepe,mcanepeic@tinypic.com,Male,214.105.154.162
662,Chelsey,Neary,cnearyid@vinaora.com,Female,2.200.212.248
663,Nariko,Heball,nheballie@list-manage.com,Female,36.232.149.79
664,Antonina,Cresswell,acresswellif@mayoclinic.com,Female,37.38.20.43
665,Layla,Dolby,ldolbyig@columbia.edu,Female,145.96.151.80
666,Nobie,Pimblott,npimblottih@fema.gov,Male,60.216.141.56
667,Carmelle,Bernardon,cbernardonii@yolasite.com,Female,195.139.201.179
668,Stormie,Fynan,sfynanij@sakura.ne.jp,Female,234.174.183.186
669,Leontine,Siggins,lsigginsik@slashdot.org,Female,170.246.200.63
670,Jakob,Coltart,jcoltartil@baidu.com,Male,183.47.75.236
671,Kent,Grumbridge,kgrumbridgeim@npr.org,Non-binary,186.220.206.96
672,Creigh,Frusher,cfrusherin@joomla.org,Male,101.108.128.52
673,Koren,Gartshore,kgartshoreio@paginegialle.it,Female,142.92.76.165
674,Carri,Duffrie,cduffrieip@washington.edu,Bigender,156.14.133.163
675,Seana,Darragon,sdarragoniq@angelfire.com,Female,2.115.6.38
676,Curry,Gettins,cgettinsir@marriott.com,Male,177.8.8.150
677,Tanhya,Agus,tagusis@vk.com,Female,180.112.72.216
678,Vinita,Acreman,vacremanit@uol.com.br,Genderqueer,113.223.183.181
679,Elton,Real,erealiu@theatlantic.com,Male,93.194.244.61
680,Simon,Vaudin,svaudiniv@scientificamerican.com,Male,44.121.56.154
681,Mirabelle,Venour,mvenouriw@cmu.edu,Female,146.226.110.242
682,Harwell,Hodcroft,hhodcroftix@com.com,Polygender,25.210.180.176
683,Laure,Dockwra,ldockwraiy@flavors.me,Female,204.253.2.129
684,Kaela,Dansie,kdansieiz@histats.com,Female,143.228.149.42
685,Loralyn,Pleven,lplevenj0@parallels.com,Female,75.108.210.237
686,Dolph,Fyers,dfyersj1@tripadvisor.com,Male,109.210.77.19
687,Almira,Hare,aharej2@wisc.edu,Female,43.170.192.121
688,Deane,Toffolo,dtoffoloj3@ycombinator.com,Male,23.56.59.83
689,Merl,Threadgold,mthreadgoldj4@examiner.com,Female,9.130.250.196
690,Augustus,Gange,agangej5@nytimes.com,Male,160.247.209.232
691,Caitlin,McVeigh,cmcveighj6@berkeley.edu,Female,111.15.244.34
692,Gualterio,Coale,gcoalej7@technorati.com,Male,129.207.234.167
693,Paddie,Corsan,pcorsanj8@gravatar.com,Bigender,199.224.232.171
694,Lavinie,Vasilik,lvasilikj9@smh.com.au,Agender,88.111.19.215
695,Jannelle,Mableson,jmablesonja@columbia.edu,Female,157.211.210.159
696,Darill,Jiru,djirujb@163.com,Male,109.168.229.11
697,Coral,Denis,cdenisjc@mozilla.org,Female,112.237.244.101
698,Etti,Fernant,efernantjd@foxnews.com,Female,182.65.25.184
699,Hayes,Buttery,hbutteryje@ovh.net,Male,243.103.204.74
700,Ganny,Snalum,gsnalumjf@marketwatch.com,Male,131.43.21.102
701,Judye,Squibbes,jsquibbesjg@51.la,Female,189.77.240.148
702,Marji,Grindell,mgrindelljh@fc2.com,Female,64.178.87.242
703,Jemmie,Shaefer,jshaeferji@si.edu,Female,117.208.66.38
704,Kata,Hinckesman,khinckesmanjj@tumblr.com,Female,180.101.180.80
705,Jessey,Gallatly,jgallatlyjk@fema.gov,Male,233.119.46.111
706,Aimee,MacMickan,amacmickanjl@sbwire.com,Female,147.204.221.141
707,Jamie,Greir,jgreirjm@hibu.com,Male,209.127.196.147
708,Maxwell,Pidgin,mpidginjn@tiny.cc,Male,24.253.208.176
709,Sid,Spinella,sspinellajo@dyndns.org,Male,160.219.140.16
710,Gottfried,Cuerdale,gcuerdalejp@topsy.com,Male,130.86.150.198
711,Cecilia,Burgwin,cburgwinjq@linkedin.com,Polygender,92.36.164.247
712,Marlena,Dunster,mdunsterjr@archive.org,Female,200.165.200.244
713,Dennet,Creenan,dcreenanjs@exblog.jp,Male,119.141.51.201
714,Hamilton,Satterley,hsatterleyjt@miitbeian.gov.cn,Male,192.173.182.19
715,Norah,Crehan,ncrehanju@prlog.org,Female,56.202.10.142
716,Betti,Whieldon,bwhieldonjv@microsoft.com,Female,207.114.65.186
717,Lorilyn,Bazelle,lbazellejw@cbsnews.com,Female,244.208.46.210
718,Anne-marie,Keeble,akeeblejx@mapy.cz,Female,77.252.93.20
719,Moshe,Mulleary,mmullearyjy@paypal.com,Male,254.224.155.104
720,Connie,Pindar,cpindarjz@wikimedia.org,Female,73.196.156.154
721,Hermia,Giurio,hgiuriok0@opera.com,Female,122.162.116.215
722,Joline,Girault,jgiraultk1@indiegogo.com,Female,89.208.12.122
723,Emanuel,Kinver,ekinverk2@ucoz.ru,Male,212.155.46.139
724,Bret,Cullingford,bcullingfordk3@amazon.com,Male,57.94.227.51
725,Violet,Claibourn,vclaibournk4@msn.com,Female,104.131.230.12
726,Janka,Robens,jrobensk5@barnesandnoble.com,Female,192.118.50.103
727,Donielle,McGinn,dmcginnk6@sakura.ne.jp,Female,238.193.26.46
728,Rosene,Jobern,rjobernk7@spotify.com,Female,11.94.26.72
729,Elisabet,Beavan,ebeavank8@blogtalkradio.com,Female,155.46.119.48
730,Cami,Blackhall,cblackhallk9@goo.gl,Female,142.45.80.121
731,Godard,Minelli,gminellika@cisco.com,Male,241.30.198.30
732,Jamaal,Jumel,jjumelkb@mtv.com,Male,103.105.78.125
733,Dreddy,Hulson,dhulsonkc@squidoo.com,Female,215.109.80.244
734,Vyky,Spata,vspatakd@hc360.com,Female,25.231.44.5
735,Willie,Stower,wstowerke@zimbio.com,Male,196.52.105.7
736,Cristabel,Reynold,creynoldkf@jalbum.net,Female,180.137.0.211
737,Bernardine,MacGill,bmacgillkg@pcworld.com,Female,238.80.150.94
738,Reginald,Storr,rstorrkh@ehow.com,Male,54.96.248.11
739,Bunnie,McCarlie,bmccarlieki@nba.com,Agender,47.220.3.227
740,Tasha,Paxton,tpaxtonkj@sogou.com,Female,102.181.25.151
741,Bernarr,Trevain,btrevainkk@narod.ru,Male,232.98.77.119
742,Giraldo,Rennles,grennleskl@stanford.edu,Male,2.143.125.147
743,Travus,Sharpous,tsharpouskm@bandcamp.com,Male,116.96.118.131
744,Martainn,Vest,mvestkn@oaic.gov.au,Male,170.139.242.243
745,Lenora,Claussen,lclaussenko@kickstarter.com,Female,18.248.67.58
746,Kameko,Cruces,kcruceskp@japanpost.jp,Genderfluid,125.153.143.86
747,Erica,Fabb,efabbkq@cpanel.net,Female,74.53.144.47
748,Erhart,Edmeads,eedmeadskr@1688.com,Male,223.142.97.213
749,Gwenny,McWhan,gmcwhanks@alexa.com,Female,232.130.241.243
750,Wayland,Rosenkranc,wrosenkranckt@netvibes.com,Male,201.203.219.186
751,Doroteya,Molineux,dmolineuxku@hhs.gov,Female,83.219.200.168
752,Prent,Shimwall,pshimwallkv@creativecommons.org,Male,47.70.252.209
753,Christophe,Hurdiss,churdisskw@instagram.com,Male,187.43.152.107
754,Gustie,McBride,gmcbridekx@storify.com,Female,8.250.110.14
755,Quinn,McGarvie,qmcgarvieky@seesaa.net,Male,85.110.26.162
756,Nessy,Gonzalo,ngonzalokz@fotki.com,Female,86.118.125.67
757,Ravi,Dive,rdivel0@pinterest.com,Male,128.58.78.231
758,Obadias,Turpin,oturpinl1@ucoz.com,Male,41.29.183.74
759,Douglas,Aggett,daggettl2@xing.com,Male,114.191.202.211
760,Reena,Stephenson,rstephensonl3@blogtalkradio.com,Female,199.139.118.101
761,Dorian,Willishire,dwillishirel4@miitbeian.gov.cn,Male,202.190.173.27
762,Kip,Rasor,krasorl5@aboutads.info,Agender,87.169.77.185
763,Karrie,Tumbridge,ktumbridgel6@hostgator.com,Female,173.92.239.145
764,Jody,Avon,javonl7@wikispaces.com,Female,71.25.37.208
765,Janine,Priestman,jpriestmanl8@example.com,Female,16.115.55.113
766,Martyn,Duerden,mduerdenl9@skyrock.com,Male,28.135.216.30
767,Mechelle,Cockarill,mcockarillla@fc2.com,Female,63.178.203.46
768,Hartwell,Crambie,hcrambielb@friendfeed.com,Male,12.149.171.110
769,Pippo,Guillet,pguilletlc@guardian.co.uk,Male,5.35.52.162
770,Toby,O'Corrigane,tocorriganeld@google.com.br,Male,149.92.82.54
771,Lorettalorna,Skipsea,lskipseale@sun.com,Female,44.96.119.207
772,Rafaello,Crabbe,rcrabbelf@prlog.org,Male,95.41.82.28
773,Che,Gedge,cgedgelg@mozilla.com,Male,51.182.239.52
774,Sander,Di Claudio,sdiclaudiolh@dailymotion.com,Male,190.67.107.77
775,Monroe,Douty,mdoutyli@gizmodo.com,Male,158.234.86.73
776,Erick,Loadwick,eloadwicklj@drupal.org,Non-binary,16.175.40.67
777,Buck,Ackhurst,backhurstlk@xing.com,Male,22.127.143.36
778,Cathleen,Andreia,candreiall@bloglovin.com,Female,92.89.30.102
779,D'arcy,Skyram,dskyramlm@naver.com,Male,21.135.237.73
780,Cloris,Parkey,cparkeyln@typepad.com,Female,8.147.93.46
781,Arch,Martensen,amartensenlo@redcross.org,Male,127.66.91.246
782,Farris,Manuelli,fmanuellilp@chicagotribune.com,Male,196.151.3.149
783,Barb,Brettor,bbrettorlq@businessinsider.com,Female,83.248.112.175
784,Arnoldo,Crossby,acrossbylr@etsy.com,Male,66.80.62.64
785,Valry,Pendergrast,vpendergrastls@github.io,Female,253.143.240.40
786,Emylee,Haxby,ehaxbylt@usa.gov,Female,33.144.78.7
787,Ellissa,Binnion,ebinnionlu@zimbio.com,Female,82.204.187.65
788,Jacki,Loblie,jloblielv@si.edu,Female,92.199.126.205
789,Bax,Arendsen,barendsenlw@tmall.com,Male,45.85.29.20
790,Lilias,Hall,lhalllx@sina.com.cn,Female,154.180.1.191
791,Bree,Lashmore,blashmorely@engadget.com,Female,43.242.30.116
792,Israel,Kevane,ikevanelz@xinhuanet.com,Male,199.103.255.25
793,Gusty,Shelliday,gshellidaym0@csmonitor.com,Female,113.97.62.167
794,Rickie,Ledbury,rledburym1@people.com.cn,Male,114.177.6.126
795,Duncan,Kays,dkaysm2@businesswire.com,Male,42.102.29.221
796,Angil,Shurman,ashurmanm3@pagesperso-orange.fr,Genderfluid,184.221.141.90
797,Timmie,Seviour,tseviourm4@umn.edu,Female,180.69.116.37
798,Johny,Crudgington,jcrudgingtonm5@desdev.cn,Male,181.210.96.151
799,Timmi,Fippe,tfippem6@virginia.edu,Female,109.11.122.188
800,Bobbee,Auden,baudenm7@google.pl,Female,191.120.251.184
801,Banky,Sangra,bsangram8@sciencedirect.com,Male,103.249.51.81
802,Rosita,McCosh,rmccoshm9@tmall.com,Female,2.164.172.154
803,Lilia,Blum,lblumma@mozilla.com,Female,207.13.180.18
804,Tracee,Stebbing,tstebbingmb@hao123.com,Female,19.53.76.70
805,Conrade,Dadley,cdadleymc@myspace.com,Male,200.194.135.57
806,Erin,Drillingcourt,edrillingcourtmd@opensource.org,Female,136.118.143.13
807,Kally,Baribal,kbaribalme@goo.ne.jp,Female,67.30.23.237
808,Georgeta,Godfrey,ggodfreymf@cloudflare.com,Female,197.29.172.189
809,Augustine,Mingasson,amingassonmg@yandex.ru,Male,14.208.118.26
810,Sidney,Dufour,sdufourmh@skype.com,Genderqueer,87.105.105.61
811,Ferdinande,Humbey,fhumbeymi@cnet.com,Non-binary,34.205.250.64
812,Nichol,Bickerdicke,nbickerdickemj@t.co,Female,169.116.123.56
813,Kienan,Guenther,kguenthermk@naver.com,Genderfluid,119.192.93.136
814,Mariele,Langridge,mlangridgeml@google.com.hk,Female,247.224.136.206
815,John,Winterbottom,jwinterbottommm@vkontakte.ru,Genderqueer,48.101.253.136
816,Risa,Slaymaker,rslaymakermn@hubpages.com,Female,50.125.43.86
817,Roanne,Jurgensen,rjurgensenmo@4shared.com,Female,230.99.178.136
818,Saunderson,Meharry,smeharrymp@t.co,Male,41.204.121.167
819,Liza,Jelleman,ljellemanmq@cbslocal.com,Female,216.20.249.14
820,Jemimah,Margrem,jmargremmr@networkadvertising.org,Female,162.138.199.47
821,Lila,Huxton,lhuxtonms@dedecms.com,Female,234.23.125.23
822,Tynan,Dandison,tdandisonmt@marriott.com,Male,51.204.184.254
823,Hussein,Mowsley,hmowsleymu@yellowbook.com,Male,82.160.69.38
824,Lissi,Unthank,lunthankmv@earthlink.net,Female,116.235.205.147
825,Blakeley,Tooze,btoozemw@ebay.co.uk,Female,94.203.230.145
826,Meryl,Haldon,mhaldonmx@biblegateway.com,Male,181.161.240.3
827,Julissa,Olwen,jolwenmy@illinois.edu,Female,233.112.233.179
828,Gerianne,Grotty,ggrottymz@prlog.org,Female,149.250.157.207
829,Verne,Allderidge,vallderidgen0@pagesperso-orange.fr,Male,123.174.99.93
830,Shay,Filon,sfilonn1@chron.com,Male,164.185.99.29
831,Maggie,Mackinder,mmackindern2@last.fm,Female,103.241.173.136
832,Genni,Jallin,gjallinn3@arizona.edu,Female,43.189.160.109
833,Baxy,Heimes,bheimesn4@youku.com,Male,170.51.32.120
834,Bryant,Ginty,bgintyn5@nbcnews.com,Male,12.102.47.146
835,Odey,Lomb,olombn6@stumbleupon.com,Male,236.125.17.195
836,Prentiss,Bulman,pbulmann7@constantcontact.com,Male,75.37.232.241
837,Gerladina,Menchenton,gmenchentonn8@ucla.edu,Female,212.140.53.170
838,Yvette,Hanlon,yhanlonn9@wsj.com,Female,9.250.153.191
839,Linnie,Skacel,lskacelna@rakuten.co.jp,Polygender,42.226.91.239
840,Fitz,Menego,fmenegonb@dell.com,Male,97.32.217.239
841,Egor,Bedder,ebeddernc@disqus.com,Male,163.181.46.69
842,Adolphus,McCahey,amccaheynd@technorati.com,Male,57.144.188.47
843,Cosme,Healks,chealksne@list-manage.com,Male,113.28.55.169
844,Charmain,Farnworth,cfarnworthnf@hugedomains.com,Female,66.232.238.11
845,Seana,Falconer-Taylor,sfalconertaylorng@amazonaws.com,Female,112.55.0.36
846,Berny,Triplett,btriplettnh@moonfruit.com,Male,20.84.243.108
847,Craggy,Meininger,cmeiningerni@umich.edu,Male,240.230.199.104
848,Gram,Utterson,guttersonnj@archive.org,Male,85.51.242.4
849,Chelsie,Carletto,ccarlettonk@sciencedirect.com,Female,138.218.90.86
850,Mayer,Brooksbank,mbrooksbanknl@about.com,Male,155.34.41.179
851,Mylo,McNickle,mmcnicklenm@ifeng.com,Male,208.95.29.132
852,Shelly,Whitty,swhittynn@howstuffworks.com,Female,224.236.254.59
853,Jennee,Culy,jculyno@comsenz.com,Female,165.78.139.254
854,Arline,Canfield,acanfieldnp@china.com.cn,Female,226.163.23.247
855,Devlen,Koba,dkobanq@reverbnation.com,Male,125.85.174.162
856,Hussein,Jindrich,hjindrichnr@de.vu,Male,213.69.47.239
857,Gavan,Pigford,gpigfordns@spotify.com,Male,25.132.220.233
858,Kali,Ozanne,kozannent@reverbnation.com,Female,29.67.208.99
859,Ernesta,Krienke,ekrienkenu@plala.or.jp,Female,243.41.146.58
860,George,Donn,gdonnnv@usda.gov,Male,39.171.65.226
861,Dulcy,Ennals,dennalsnw@vkontakte.ru,Female,202.20.50.243
862,Yoko,Dobbson,ydobbsonnx@friendfeed.com,Female,138.18.24.103
863,Dora,Pervew,dpervewny@tripadvisor.com,Female,143.228.71.64
864,Reidar,Riseborough,rriseboroughnz@nsw.gov.au,Male,95.137.124.48
865,Clotilda,Calbaithe,ccalbaitheo0@blogger.com,Female,59.67.239.191
866,Ralph,Weber,rwebero1@storify.com,Polygender,92.117.21.137
867,Gino,Lovstrom,glovstromo2@state.gov,Male,157.106.42.241
868,Ruth,Sugge,rsuggeo3@wired.com,Female,136.221.192.228
869,Gerick,Duddridge,gduddridgeo4@netvibes.com,Male,169.82.143.128
870,Sharl,Saltsberger,ssaltsbergero5@behance.net,Female,60.14.158.192
871,Roland,Ethelston,rethelstono6@cargocollective.com,Male,159.67.112.230
872,Regine,Griffoen,rgriffoeno7@apple.com,Female,239.2.35.183
873,Faustina,Fish,ffisho8@usa.gov,Female,52.156.170.0
874,Phillie,Orht,porhto9@stanford.edu,Female,95.60.49.129
875,Ad,Gloster,aglosteroa@economist.com,Male,5.208.62.185
876,Vite,Bunyard,vbunyardob@surveymonkey.com,Male,7.201.235.235
877,Kendricks,Warcop,kwarcopoc@youtube.com,Male,175.13.31.2
878,Myrlene,Bugbird,mbugbirdod@infoseek.co.jp,Female,44.90.80.10
879,Hilliary,Baser,hbaseroe@feedburner.com,Female,223.80.15.250
880,Anthe,Kewish,akewishof@xing.com,Female,53.194.89.192
881,Gris,Cardenas,gcardenasog@engadget.com,Male,134.21.1.218
882,Honor,Shiril,hshiriloh@scientificamerican.com,Female,105.160.254.40
883,Brody,Treleaven,btreleavenoi@amazon.de,Male,28.160.29.115
884,Maren,Stoll,mstolloj@fema.gov,Female,161.232.36.34
885,Ulysses,Henbury,uhenburyok@wisc.edu,Male,200.99.196.58
886,Allyson,Matevushev,amatevushevol@intel.com,Female,180.169.170.100
887,Janet,Banstead,jbansteadom@cbc.ca,Female,104.204.36.177
888,Isa,Panter,ipanteron@cbsnews.com,Female,215.237.67.53
889,Cathie,Gymblett,cgymblettoo@over-blog.com,Female,175.18.221.80
890,Rad,Gresswell,rgresswellop@storify.com,Male,70.146.252.83
891,Barri,Ruxton,bruxtonoq@scribd.com,Male,54.199.12.114
892,Serena,Cisar,scisaror@360.cn,Female,39.188.213.51
893,Yule,Kybbye,ykybbyeos@virginia.edu,Male,128.209.68.100
894,Pierce,Whereat,pwhereatot@bigcartel.com,Male,165.11.63.104
895,Torre,Harmeston,tharmestonou@census.gov,Male,139.46.81.243
896,Thaddeus,Hayhow,thayhowov@kickstarter.com,Male,143.63.125.84
897,Jonathon,Blackhall,jblackhallow@washington.edu,Male,109.160.106.19
898,Damon,Lowry,dlowryox@printfriendly.com,Male,133.40.65.13
899,Justis,Fradson,jfradsonoy@goo.gl,Polygender,170.3.183.139
900,Kingston,Redd,kreddoz@miitbeian.gov.cn,Male,118.46.62.250
901,Elysee,Kenneford,ekennefordp0@dedecms.com,Non-binary,78.12.107.22
902,Ulberto,McIlvaney,umcilvaneyp1@yellowpages.com,Bigender,16.242.23.125
903,Diego,Semeradova,dsemeradovap2@archive.org,Male,46.129.143.121
904,Chilton,Simion,csimionp3@goodreads.com,Male,216.57.75.160
905,Hunter,Bearfoot,hbearfootp4@bloomberg.com,Male,66.121.50.182
906,Mady,Klaus,mklausp5@nsw.gov.au,Female,54.109.127.107
907,Andre,Rootes,arootesp6@google.pl,Male,78.208.191.118
908,Morissa,Camies,mcamiesp7@huffingtonpost.com,Female,8.187.82.100
909,Wyndham,Ogle,woglep8@ft.com,Male,50.187.15.107
910,Hanna,Beaby,hbeabyp9@histats.com,Female,49.162.187.49
911,Dorolisa,Kilmartin,dkilmartinpa@yellowbook.com,Female,74.22.107.140
912,Umberto,Chin,uchinpb@gov.uk,Male,77.0.146.41
913,Oralle,Erangy,oerangypc@prlog.org,Non-binary,195.191.195.210
914,Fanni,Learmount,flearmountpd@cornell.edu,Polygender,245.182.172.202
915,Kathi,Gladdor,kgladdorpe@timesonline.co.uk,Female,149.0.97.200
916,Jaquelyn,Gadaud,jgadaudpf@vinaora.com,Female,127.146.95.160
917,Pier,Degue,pdeguepg@taobao.com,Female,212.136.48.61
918,Carrissa,Nesterov,cnesterovph@un.org,Female,218.219.156.43
919,Gertrud,O'Bradane,gobradanepi@ucsd.edu,Female,122.228.142.14
920,Moyna,Toffolo,mtoffolopj@meetup.com,Female,154.45.248.25
921,Terra,Lars,tlarspk@ted.com,Female,204.173.80.188
922,Lidia,Corbishley,lcorbishleypl@storify.com,Female,213.51.156.225
923,Olag,Gauthorpp,ogauthorpppm@si.edu,Male,161.171.91.67
924,Brunhilde,Frie,bfriepn@pbs.org,Female,87.186.160.250
925,Loralee,Huton,lhutonpo@techcrunch.com,Polygender,215.22.230.232
926,Drusie,Mitten,dmittenpp@wordpress.org,Female,122.225.123.148
927,Joana,Winspurr,jwinspurrpq@google.de,Female,93.246.96.245
928,Devy,Fould,dfouldpr@acquirethisname.com,Male,46.158.14.47
929,Troy,Sproule,tsprouleps@apple.com,Male,94.3.92.52
930,Mathian,Dun,mdunpt@disqus.com,Male,210.28.212.161
931,Claire,Marcus,cmarcuspu@about.me,Female,247.191.64.212
932,Carmella,Jeandillou,cjeandilloupv@webeden.co.uk,Female,238.16.52.58
933,Avrom,Climer,aclimerpw@topsy.com,Male,112.25.187.204
934,Kele,Braksper,kbraksperpx@prnewswire.com,Male,66.46.197.185
935,Jarret,Kovelmann,jkovelmannpy@nifty.com,Male,89.19.231.49
936,Gabbi,Jachimiak,gjachimiakpz@blinklist.com,Female,201.209.210.89
937,Page,Praten,ppratenq0@altervista.org,Female,217.140.237.51
938,Eldredge,Coils,ecoilsq1@reuters.com,Male,59.245.163.207
939,Leodora,Mulcock,lmulcockq2@hexun.com,Female,200.199.21.222
940,Bert,Brane,bbraneq3@mapquest.com,Female,8.65.105.169
941,Bald,Pollington,bpollingtonq4@dailymotion.com,Male,65.119.15.99
942,Spike,McGifford,smcgiffordq5@theglobeandmail.com,Male,49.108.181.207
943,Juan,Dunphy,jdunphyq6@nytimes.com,Polygender,42.204.36.82
944,Sibyl,Wolland,swollandq7@wix.com,Female,137.176.137.220
945,Bradford,Drane,bdraneq8@go.com,Male,118.143.57.56
946,Byram,Yakushkev,byakushkevq9@google.pl,Male,175.39.95.158
947,Jo ann,Robottham,jrobotthamqa@e-recht24.de,Female,84.90.175.5
948,Holden,Atley,hatleyqb@dedecms.com,Male,183.226.226.245
949,Garrek,Niven,gnivenqc@geocities.jp,Male,2.86.62.159
950,Shayne,Dinan,sdinanqd@harvard.edu,Male,99.224.9.116
951,Woody,Crabtree,wcrabtreeqe@naver.com,Male,4.124.157.239
952,Saxon,Morales,smoralesqf@storify.com,Male,222.135.119.232
953,Goddart,Halpine,ghalpineqg@chicagotribune.com,Male,237.162.163.171
954,Legra,Manklow,lmanklowqh@springer.com,Female,2.221.20.247
955,Diego,Rozalski,drozalskiqi@clickbank.net,Male,109.168.189.138
956,Kalil,Rayhill,krayhillqj@mayoclinic.com,Male,59.10.116.139
957,Maddie,Piele,mpieleqk@bandcamp.com,Female,248.82.149.4
958,Packston,Lympany,plympanyql@usnews.com,Male,145.51.153.229
959,Karlis,Texton,ktextonqm@photobucket.com,Male,237.249.252.155
960,Verena,MacCart,vmaccartqn@sciencedaily.com,Female,84.204.35.81
961,Gan,Silveston,gsilvestonqo@weebly.com,Male,242.178.222.210
962,Ealasaid,Garken,egarkenqp@barnesandnoble.com,Female,53.72.19.15
963,Matthus,Holme,mholmeqq@technorati.com,Male,199.13.36.118
964,Brice,Porker,bporkerqr@intel.com,Male,170.210.69.241
965,Joshuah,McEnery,jmceneryqs@imdb.com,Male,91.240.30.77
966,Benoite,Rowes,browesqt@istockphoto.com,Female,108.184.206.72
967,Adriena,Yarker,ayarkerqu@flickr.com,Female,67.37.221.139
968,Galvin,Clawsley,gclawsleyqv@washington.edu,Male,253.238.254.68
969,Harmon,Broster,hbrosterqw@vkontakte.ru,Male,245.199.202.114
970,Yance,Wharf,ywharfqx@1und1.de,Male,110.226.39.195
971,Patin,Pentycross,ppentycrossqy@360.cn,Male,10.161.177.140
972,Madel,Winstone,mwinstoneqz@phoca.cz,Female,78.63.132.16
973,Kaia,Geekin,kgeekinr0@artisteer.com,Female,8.62.24.118
974,Drucie,Di Lucia,ddiluciar1@nsw.gov.au,Female,138.227.234.153
975,Gustav,Blewitt,gblewittr2@vinaora.com,Male,112.28.53.37
976,Graham,Saltman,gsaltmanr3@tumblr.com,Male,55.67.43.143
977,Mechelle,Petriello,mpetriellor4@ftc.gov,Female,3.118.49.114
978,Kirstyn,MacEntee,kmacenteer5@squidoo.com,Female,255.1.134.148
979,Russell,Tabart,rtabartr6@cdbaby.com,Genderqueer,47.159.93.1
980,Chuck,Mould,cmouldr7@deviantart.com,Male,50.195.175.144
981,Halette,Poundford,hpoundfordr8@edublogs.org,Female,59.205.131.27
982,Piper,Gadney,pgadneyr9@cam.ac.uk,Female,3.148.235.145
983,Ryun,Luxton,rluxtonra@nps.gov,Male,154.109.78.123
984,Wallie,Diver,wdiverrb@cisco.com,Male,180.197.185.210
985,Astrid,Laydon,alaydonrc@goodreads.com,Female,16.248.50.155
986,Artemus,Spilsted,aspilstedrd@csmonitor.com,Male,172.243.176.93
987,Yule,Coase,ycoasere@guardian.co.uk,Male,130.31.71.251
988,Pegeen,Ong,pongrf@wufoo.com,Female,244.22.64.57
989,Valma,Convery,vconveryrg@dion.ne.jp,Female,89.20.221.138
990,Jyoti,McGurk,jmcgurkrh@naver.com,Female,241.137.245.60
991,Hobie,Deacock,hdeacockri@domainmarket.com,Male,3.101.124.138
992,Cullan,Durbridge,cdurbridgerj@sina.com.cn,Male,96.0.90.108
993,Marabel,Gamil,mgamilrk@slashdot.org,Female,48.180.43.208
994,Ajay,Velti,aveltirl@yandex.ru,Female,69.225.43.192
995,Elston,Tytterton,etyttertonrm@intel.com,Male,155.41.32.242
996,Elva,Sazio,esaziorn@pagesperso-orange.fr,Female,170.110.184.218
997,Guenna,Goodricke,ggoodrickero@washington.edu,Female,208.239.62.188
998,Aurore,Braime,abraimerp@domainmarket.com,Female,34.104.158.198
999,Brena,Goodchild,bgoodchildrq@indiegogo.com,Female,190.202.48.228
1000,Jervis,Pala,jpalarr@e-recht24.de,Male,132.208.203.15
